timestamp,voltage,current,power
2026-03-13 21:19:33,230.00,2.000,423.20
2026-03-13 21:19:34,230.00,2.000,423.20
2026-03-13 21:19:35,230.00,2.000,423.20
2026-03-13 21:19:37,230.00,2.000,423.20
2026-03-13 21:19:38,230.00,2.000,423.20
2026-03-13 21:19:38,230.00,2.000,423.20
2026-03-13 21:19:39,230.00,2.000,423.20
2026-03-13 21:19:40,230.00,2.000,423.20
2026-03-13 21:19:41,230.00,2.000,423.20
2026-03-13 21:19:42,230.00,2.000,423.20
2026-03-13 21:19:43,230.00,2.000,423.20
2026-03-13 21:19:44,230.00,2.000,423.20
2026-03-13 21:19:45,230.00,2.000,423.20
2026-03-13 21:19:46,230.00,2.000,423.20
2026-03-13 21:19:47,230.00,2.000,423.20
2026-03-13 21:19:48,230.00,2.000,423.20
2026-03-13 21:19:49,230.00,2.000,423.20
2026-03-13 21:19:50,230.00,2.000,423.20
2026-03-13 21:19:51,230.00,2.000,423.20
2026-03-13 21:19:52,230.00,2.000,423.20
2026-03-13 21:19:53,230.00,2.000,423.20
2026-03-13 21:19:54,230.00,2.000,423.20
2026-03-13 21:19:55,230.00,2.000,423.20
2026-03-13 21:19:56,230.00,2.000,423.20
2026-03-13 21:19:57,230.00,2.000,423.20
2026-03-13 21:19:58,230.00,2.000,423.20
2026-03-13 21:19:59,230.00,2.000,423.20
2026-03-13 21:20:00,230.00,2.000,423.20
2026-03-13 21:54:37,230.00,2.000,423.20
2026-03-13 21:54:38,230.00,2.000,423.20
2026-03-13 21:54:39,230.00,2.000,423.20
2026-03-13 21:54:40,230.00,2.000,423.20
2026-03-13 21:54:41,230.00,2.000,423.20
2026-03-13 21:54:42,230.00,2.000,423.20
2026-03-13 21:54:43,230.00,2.000,423.20
2026-03-13 21:54:44,230.00,2.000,423.20
2026-03-13 21:54:45,230.00,2.000,423.20
2026-03-13 21:54:46,230.00,2.000,423.20
2026-03-13 21:54:47,230.00,2.000,423.20
2026-03-13 21:54:48,230.00,2.000,423.20
2026-03-13 21:54:49,230.00,2.000,423.20
2026-03-13 21:54:50,230.00,2.000,423.20
2026-03-13 21:54:51,230.00,2.000,423.20
2026-03-13 21:54:52,230.00,2.000,423.20
2026-03-13 21:54:53,230.00,2.000,423.20
2026-03-13 21:54:54,230.00,2.000,423.20
2026-03-13 21:54:55,230.00,2.000,423.20
2026-03-13 21:54:56,230.00,2.000,423.20
2026-03-13 21:54:57,230.00,2.000,423.20
2026-03-13 21:54:58,230.00,2.000,423.20
2026-03-13 21:54:59,230.00,2.000,423.20
2026-03-13 21:55:00,230.00,2.000,423.20
2026-03-13 21:55:01,230.00,2.000,423.20
2026-03-13 21:55:02,230.00,2.000,423.20
2026-03-13 21:55:03,230.00,2.000,423.20
2026-03-13 21:55:04,230.00,2.000,423.20
2026-03-13 21:55:05,230.00,2.000,423.20
2026-03-13 21:55:06,230.00,2.000,423.20
2026-03-13 21:55:07,230.00,2.000,423.20
2026-03-13 21:55:08,230.00,2.000,423.20
2026-03-13 21:55:09,230.00,2.000,423.20
2026-03-13 21:55:10,230.00,2.000,423.20
2026-03-13 21:55:11,230.00,2.000,423.20
2026-03-13 21:55:12,230.00,2.000,423.20
2026-03-13 21:55:13,230.00,2.000,423.20
2026-03-13 21:55:14,230.00,2.000,423.20
2026-03-13 21:55:15,230.00,2.000,423.20
2026-03-13 21:55:16,230.00,2.000,423.20
2026-03-13 21:55:17,230.00,2.000,423.20
2026-03-13 21:55:18,230.00,2.000,423.20
2026-03-13 21:55:19,230.00,2.000,423.20
2026-03-13 21:55:20,230.00,2.000,423.20
2026-03-13 21:55:21,230.00,2.000,423.20
2026-03-13 21:55:22,230.00,2.000,423.20
2026-03-13 21:55:23,230.00,2.000,423.20
2026-03-13 21:55:24,230.00,2.000,423.20
2026-03-13 21:55:25,230.00,2.000,423.20
2026-03-13 21:55:26,230.00,2.000,423.20
2026-03-13 21:55:27,230.00,2.000,423.20
2026-03-13 21:55:28,230.00,2.000,423.20
2026-03-13 21:55:29,230.00,2.000,423.20
2026-03-13 21:55:30,230.00,2.000,423.20
2026-03-13 22:06:58,230.00,2.000,423.20
2026-03-13 22:06:59,230.00,2.000,423.20
2026-03-13 22:07:00,230.00,2.000,423.20
2026-03-13 22:07:01,230.00,2.000,423.20
2026-03-13 22:07:02,230.00,2.000,423.20
2026-03-13 22:07:03,230.00,2.000,423.20
2026-03-13 22:07:04,230.00,2.000,423.20
2026-03-13 22:07:05,230.00,2.000,423.20
2026-03-13 22:07:06,230.00,2.000,423.20
2026-03-13 22:07:07,230.00,2.000,423.20
2026-03-13 22:07:08,230.00,2.000,423.20
2026-03-13 22:07:09,230.00,2.000,423.20
2026-03-13 22:07:10,230.00,2.000,423.20
2026-03-13 22:07:11,230.00,2.000,423.20
2026-03-13 22:07:12,230.00,2.000,423.20
2026-03-13 22:07:13,230.00,2.000,423.20
2026-03-13 22:07:14,230.00,2.000,423.20
2026-03-13 22:07:15,230.00,2.000,423.20
2026-03-13 22:07:16,230.00,2.000,423.20
2026-03-13 22:07:17,230.00,2.000,423.20
2026-03-13 22:07:18,230.00,2.000,423.20
2026-03-13 22:07:19,230.00,2.000,423.20
2026-03-13 22:07:20,230.00,2.000,423.20
2026-03-13 22:07:21,230.00,2.000,423.20
2026-03-13 22:07:22,230.00,2.000,423.20
2026-03-13 22:07:23,230.00,2.000,423.20
2026-03-13 22:07:24,230.00,2.000,423.20
2026-03-13 22:07:25,230.00,2.000,423.20
2026-03-13 22:07:26,230.00,2.000,423.20
2026-03-13 22:07:27,230.00,2.000,423.20
2026-03-13 22:07:28,230.00,2.000,423.20
2026-03-13 22:07:29,230.00,2.000,423.20
2026-03-13 22:07:30,230.00,2.000,423.20
2026-03-13 22:07:31,230.00,2.000,423.20
2026-03-13 22:07:32,230.00,2.000,423.20
2026-03-13 22:07:33,230.00,2.000,423.20
2026-03-13 22:07:34,230.00,2.000,423.20
2026-03-13 22:07:35,230.00,2.000,423.20
2026-03-13 22:07:36,230.00,2.000,423.20
2026-03-13 22:07:37,230.00,2.000,423.20
2026-03-13 22:07:38,230.00,2.000,423.20
2026-03-13 22:07:39,230.00,2.000,423.20
2026-03-13 22:07:40,230.00,2.000,423.20
2026-03-13 22:07:41,230.00,2.000,423.20
2026-03-13 22:07:42,230.00,2.000,423.20
2026-03-13 22:07:43,230.00,2.000,423.20
2026-03-13 22:07:44,230.00,2.000,423.20
2026-03-13 22:07:45,230.00,2.000,423.20
2026-03-13 22:07:46,230.00,2.000,423.20
2026-03-13 22:07:47,230.00,2.000,423.20
2026-03-13 22:07:48,230.00,2.000,423.20
2026-03-13 22:07:49,230.00,2.000,423.20
2026-03-13 22:07:50,230.00,2.000,423.20
2026-03-13 22:07:51,230.00,2.000,423.20
2026-03-13 22:07:52,230.00,2.000,423.20
2026-03-13 22:07:53,230.00,2.000,423.20
2026-03-13 22:07:54,230.00,2.000,423.20
2026-03-13 22:07:55,230.00,2.000,423.20
2026-03-13 22:07:56,230.00,2.000,423.20
2026-03-13 22:07:57,230.00,2.000,423.20
2026-03-13 22:07:58,230.00,2.000,423.20
2026-03-13 22:07:59,230.00,2.000,423.20
2026-03-13 22:08:00,230.00,2.000,423.20
2026-03-13 22:08:01,230.00,2.000,423.20
2026-03-13 22:08:02,230.00,2.000,423.20
2026-03-13 22:08:03,230.00,2.000,423.20
2026-03-13 22:08:04,230.00,2.000,423.20
2026-03-13 22:08:05,230.00,2.000,423.20
2026-03-13 22:08:06,230.00,2.000,423.20
2026-03-13 22:08:07,230.00,2.000,423.20
2026-03-13 22:08:08,230.00,2.000,423.20
2026-03-13 22:08:09,230.00,2.000,423.20
2026-03-13 22:08:10,230.00,2.000,423.20
2026-03-13 22:08:11,230.00,2.000,423.20
2026-03-13 22:08:12,230.00,2.000,423.20
2026-03-13 22:08:13,230.00,2.000,423.20
2026-03-13 22:08:14,230.00,2.000,423.20
2026-03-13 22:08:15,230.00,2.000,423.20
2026-03-13 22:08:16,230.00,2.000,423.20
2026-03-13 22:08:17,230.00,2.000,423.20
2026-03-13 22:08:18,230.00,2.000,423.20
2026-03-13 22:08:19,230.00,2.000,423.20
2026-03-13 22:08:20,230.00,2.000,423.20
2026-03-13 22:08:21,230.00,2.000,423.20
2026-03-13 22:08:22,230.00,2.000,423.20
2026-03-13 22:08:23,230.00,2.000,423.20
2026-03-13 22:08:24,230.00,2.000,423.20
2026-03-13 22:08:25,230.00,2.000,423.20
2026-03-13 22:08:26,230.00,2.000,423.20
2026-03-13 22:08:27,230.00,2.000,423.20
2026-03-13 22:08:28,230.00,2.000,423.20
2026-03-13 22:08:29,230.00,2.000,423.20
2026-03-13 22:08:30,230.00,2.000,423.20
2026-03-13 22:08:31,230.00,2.000,423.20
2026-03-13 22:08:32,230.00,2.000,423.20
2026-03-13 22:08:33,230.00,2.000,423.20
2026-03-13 22:08:34,230.00,2.000,423.20
2026-03-13 22:08:35,230.00,2.000,423.20
2026-03-13 22:08:36,230.00,2.000,423.20
2026-03-13 22:08:37,230.00,2.000,423.20
2026-03-13 22:08:38,230.00,2.000,423.20
2026-03-13 22:08:39,230.00,2.000,423.20
2026-03-13 22:08:40,230.00,2.000,423.20
2026-03-13 22:08:41,230.00,2.000,423.20
2026-03-13 22:08:42,230.00,2.000,423.20
2026-03-13 22:08:43,230.00,2.000,423.20
2026-03-13 22:08:44,230.00,2.000,423.20
2026-03-13 22:08:45,230.00,2.000,423.20
2026-03-13 22:08:46,230.00,2.000,423.20
2026-03-13 22:08:47,230.00,2.000,423.20
2026-03-13 22:08:48,230.00,2.000,423.20
2026-03-13 22:08:49,230.00,2.000,423.20
2026-03-13 22:08:50,230.00,2.000,423.20
2026-03-13 22:08:51,230.00,2.000,423.20
2026-03-13 22:08:52,230.00,2.000,423.20
2026-03-13 22:08:53,230.00,2.000,423.20
2026-03-13 22:08:54,230.00,2.000,423.20
2026-03-13 22:08:55,230.00,2.000,423.20
2026-03-13 22:08:56,230.00,2.000,423.20
2026-03-13 22:08:57,230.00,2.000,423.20
2026-03-13 22:08:58,230.00,2.000,423.20
2026-03-13 22:08:59,230.00,2.000,423.20
2026-03-13 22:09:00,230.00,2.000,423.20
2026-03-13 22:09:01,230.00,2.000,423.20
2026-03-13 22:09:02,230.00,2.000,423.20
2026-03-13 22:09:03,230.00,2.000,423.20
2026-03-13 22:09:04,230.00,2.000,423.20
2026-03-13 22:09:05,230.00,2.000,423.20
2026-03-13 22:09:06,230.00,2.000,423.20
2026-03-13 22:09:07,230.00,2.000,423.20
2026-03-13 22:09:08,230.00,2.000,423.20
2026-03-13 22:09:09,230.00,2.000,423.20
2026-03-13 22:09:10,230.00,2.000,423.20
2026-03-13 22:09:11,230.00,2.000,423.20
2026-03-13 22:09:12,230.00,2.000,423.20
2026-03-13 22:09:13,230.00,2.000,423.20
2026-03-13 22:09:14,230.00,2.000,423.20
2026-03-13 22:09:15,230.00,2.000,423.20
2026-03-13 22:09:16,230.00,2.000,423.20
2026-03-13 22:09:17,230.00,2.000,423.20
2026-03-13 22:09:18,230.00,2.000,423.20
2026-03-13 22:09:19,230.00,2.000,423.20
2026-03-13 22:09:20,230.00,2.000,423.20
2026-03-13 22:09:21,230.00,2.000,423.20
2026-03-13 22:09:22,230.00,2.000,423.20
2026-03-13 22:09:23,230.00,2.000,423.20
2026-03-13 22:09:24,230.00,2.000,423.20
2026-03-13 22:09:25,230.00,2.000,423.20
2026-03-13 22:09:26,230.00,2.000,423.20
2026-03-13 22:09:27,230.00,2.000,423.20
2026-03-13 22:09:28,230.00,2.000,423.20
2026-03-13 22:09:29,230.00,2.000,423.20
2026-03-13 22:09:30,230.00,2.000,423.20
2026-03-13 22:09:31,230.00,2.000,423.20
2026-03-13 22:09:32,230.00,2.000,423.20
2026-03-13 22:09:33,230.00,2.000,423.20
2026-03-13 22:09:34,230.00,2.000,423.20
2026-03-13 22:09:35,230.00,2.000,423.20
2026-03-13 22:09:36,230.00,2.000,423.20
2026-03-13 22:09:37,230.00,2.000,423.20
2026-03-13 22:09:38,230.00,2.000,423.20
2026-03-13 22:09:39,230.00,2.000,423.20
2026-03-13 22:09:40,230.00,2.000,423.20
2026-03-13 22:09:41,230.00,2.000,423.20
2026-03-13 22:09:42,230.00,2.000,423.20
2026-03-13 22:09:43,230.00,2.000,423.20
2026-03-13 22:09:44,230.00,2.000,423.20
2026-03-13 22:09:45,230.00,2.000,423.20
2026-03-13 22:09:46,230.00,2.000,423.20
2026-03-13 22:09:47,230.00,2.000,423.20
2026-03-13 22:09:48,230.00,2.000,423.20
2026-03-13 22:09:49,230.00,2.000,423.20
2026-03-13 22:09:50,230.00,2.000,423.20
2026-03-13 22:09:51,230.00,2.000,423.20
2026-03-13 22:09:52,230.00,2.000,423.20
2026-03-13 22:09:53,230.00,2.000,423.20
2026-03-13 22:09:54,230.00,2.000,423.20
2026-03-13 22:09:55,230.00,2.000,423.20
2026-03-13 22:09:56,230.00,2.000,423.20
2026-03-13 22:09:57,230.00,2.000,423.20
2026-03-13 22:09:58,230.00,2.000,423.20
2026-03-13 22:09:59,230.00,2.000,423.20
2026-03-13 22:10:00,230.00,2.000,423.20
2026-03-13 22:10:01,230.00,2.000,423.20
2026-03-13 22:10:02,230.00,2.000,423.20
2026-03-13 22:10:03,230.00,2.000,423.20
2026-03-13 22:10:04,230.00,2.000,423.20
2026-03-13 22:10:05,230.00,2.000,423.20
2026-03-13 22:10:06,230.00,2.000,423.20
2026-03-13 22:10:07,230.00,2.000,423.20
2026-03-13 22:10:08,230.00,2.000,423.20
2026-03-13 22:10:09,230.00,2.000,423.20
2026-03-13 22:10:10,230.00,2.000,423.20
2026-03-13 22:10:11,230.00,2.000,423.20
2026-03-13 22:10:12,230.00,2.000,423.20
2026-03-13 22:10:13,230.00,2.000,423.20
2026-03-13 22:10:14,230.00,2.000,423.20
2026-03-13 22:10:15,230.00,2.000,423.20
2026-03-13 22:10:16,230.00,2.000,423.20
2026-03-13 22:10:17,230.00,2.000,423.20
2026-03-13 22:10:18,230.00,2.000,423.20
2026-03-13 22:10:19,230.00,2.000,423.20
2026-03-13 22:10:20,230.00,2.000,423.20
2026-03-13 22:10:21,230.00,2.000,423.20
2026-03-13 22:10:22,230.00,2.000,423.20
2026-03-13 22:10:23,230.00,2.000,423.20
2026-03-13 22:10:24,230.00,2.000,423.20
2026-03-13 22:10:25,230.00,2.000,423.20
2026-03-13 22:10:26,230.00,2.000,423.20
2026-03-13 22:10:27,230.00,2.000,423.20
2026-03-13 22:10:28,230.00,2.000,423.20
2026-03-13 22:10:29,230.00,2.000,423.20
2026-03-13 22:10:30,230.00,2.000,423.20
2026-03-13 22:10:31,230.00,2.000,423.20
2026-03-13 22:10:32,230.00,2.000,423.20
2026-03-13 22:10:33,230.00,2.000,423.20
2026-03-13 22:10:34,230.00,2.000,423.20
2026-03-13 22:10:35,230.00,2.000,423.20
2026-03-13 22:10:36,230.00,2.000,423.20
2026-03-13 22:10:37,230.00,2.000,423.20
2026-03-13 22:10:38,230.00,2.000,423.20
2026-03-13 22:10:39,230.00,2.000,423.20
2026-03-13 22:10:40,230.00,2.000,423.20
2026-03-13 22:10:41,230.00,2.000,423.20
2026-03-13 22:10:42,230.00,2.000,423.20
2026-03-13 22:10:43,230.00,2.000,423.20
2026-03-13 22:10:44,230.00,2.000,423.20
2026-03-13 22:10:45,230.00,2.000,423.20
2026-03-13 22:10:46,230.00,2.000,423.20
2026-03-13 22:10:47,230.00,2.000,423.20
2026-03-13 22:10:48,230.00,2.000,423.20
2026-03-13 22:10:49,230.00,2.000,423.20
2026-03-13 22:10:50,230.00,2.000,423.20
2026-03-13 22:10:51,230.00,2.000,423.20
2026-03-13 22:10:52,230.00,2.000,423.20
2026-03-13 22:10:53,230.00,2.000,423.20
2026-03-13 22:10:54,230.00,2.000,423.20
2026-03-13 22:10:55,230.00,2.000,423.20
2026-03-13 22:10:56,230.00,2.000,423.20
2026-03-13 22:10:57,230.00,2.000,423.20
2026-03-13 22:10:58,230.00,2.000,423.20
2026-03-13 22:10:59,230.00,2.000,423.20
2026-03-13 22:11:00,230.00,2.000,423.20
2026-03-13 22:11:01,230.00,2.000,423.20
2026-03-13 22:11:02,230.00,2.000,423.20
2026-03-13 22:11:03,230.00,2.000,423.20
2026-03-13 22:11:04,230.00,2.000,423.20
2026-03-13 22:11:05,230.00,2.000,423.20
2026-03-13 22:11:06,230.00,2.000,423.20
2026-03-13 22:11:07,230.00,2.000,423.20
2026-03-13 22:11:08,230.00,2.000,423.20
2026-03-13 22:11:09,230.00,2.000,423.20
2026-03-13 22:11:10,230.00,2.000,423.20
2026-03-13 22:11:11,230.00,2.000,423.20
2026-03-13 22:11:12,230.00,2.000,423.20
2026-03-13 22:11:13,230.00,2.000,423.20
2026-03-13 22:11:14,230.00,2.000,423.20
2026-03-13 22:11:15,230.00,2.000,423.20
2026-03-13 22:11:16,230.00,2.000,423.20
2026-03-13 22:11:17,230.00,2.000,423.20
2026-03-13 22:11:18,230.00,2.000,423.20
2026-03-13 22:11:19,230.00,2.000,423.20
2026-03-13 22:11:20,230.00,2.000,423.20
2026-03-13 22:11:21,230.00,2.000,423.20
2026-03-13 22:11:22,230.00,2.000,423.20
2026-03-13 22:11:23,230.00,2.000,423.20
2026-03-13 22:11:24,230.00,2.000,423.20
2026-03-13 22:11:25,230.00,2.000,423.20
2026-03-13 22:11:26,230.00,2.000,423.20
2026-03-13 22:11:27,230.00,2.000,423.20
2026-03-13 22:11:28,230.00,2.000,423.20
2026-03-13 22:11:29,230.00,2.000,423.20
2026-03-13 22:11:30,230.00,2.000,423.20
2026-03-13 22:11:31,230.00,2.000,423.20
2026-03-13 22:11:32,230.00,2.000,423.20
2026-03-13 22:11:33,230.00,2.000,423.20
2026-03-13 22:11:34,230.00,2.000,423.20
2026-03-13 22:11:35,230.00,2.000,423.20
2026-03-13 22:11:36,230.00,2.000,423.20
2026-03-13 22:11:37,230.00,2.000,423.20
2026-03-13 22:11:38,230.00,2.000,423.20
2026-03-13 22:11:39,230.00,2.000,423.20
2026-03-13 22:11:40,230.00,2.000,423.20
2026-03-13 22:11:41,230.00,2.000,423.20
2026-03-13 22:11:42,230.00,2.000,423.20
2026-03-13 22:11:43,230.00,2.000,423.20
2026-03-13 22:11:44,230.00,2.000,423.20
2026-03-13 22:11:45,230.00,2.000,423.20
2026-03-13 22:11:46,230.00,2.000,423.20
2026-03-13 22:11:47,230.00,2.000,423.20
2026-03-13 22:11:48,230.00,2.000,423.20
2026-03-13 22:11:49,230.00,2.000,423.20
2026-03-13 22:11:50,230.00,2.000,423.20
2026-03-13 22:11:51,230.00,2.000,423.20
2026-03-13 22:11:52,230.00,2.000,423.20
2026-03-13 22:11:53,230.00,2.000,423.20
2026-03-13 22:11:54,230.00,2.000,423.20
2026-03-13 22:11:55,230.00,2.000,423.20
2026-03-13 22:11:56,230.00,2.000,423.20
2026-03-13 22:11:57,230.00,2.000,423.20
2026-03-13 22:11:58,230.00,2.000,423.20
2026-03-13 22:11:59,230.00,2.000,423.20
2026-03-13 22:12:00,230.00,2.000,423.20
2026-03-13 22:12:01,230.00,2.000,423.20
2026-03-13 22:12:02,230.00,2.000,423.20
2026-03-13 22:12:03,230.00,2.000,423.20
2026-03-13 22:12:04,230.00,2.000,423.20
2026-03-13 22:12:05,230.00,2.000,423.20
2026-03-13 22:12:06,230.00,2.000,423.20
2026-03-13 22:12:07,230.00,2.000,423.20
2026-03-13 22:12:08,230.00,2.000,423.20
2026-03-13 22:12:09,230.00,2.000,423.20
2026-03-13 22:12:10,230.00,2.000,423.20
2026-03-13 22:12:11,230.00,2.000,423.20
2026-03-13 22:12:12,230.00,2.000,423.20
2026-03-13 22:12:13,230.00,2.000,423.20
2026-03-13 22:12:14,230.00,2.000,423.20
2026-03-13 22:12:15,230.00,2.000,423.20
2026-03-13 22:12:16,230.00,2.000,423.20
2026-03-13 22:12:17,230.00,2.000,423.20
2026-03-13 22:12:18,230.00,2.000,423.20
2026-03-13 22:12:19,230.00,2.000,423.20
2026-03-13 22:12:20,230.00,2.000,423.20
2026-03-13 22:12:21,230.00,2.000,423.20
2026-03-13 22:12:22,230.00,2.000,423.20
2026-03-13 22:12:23,230.00,2.000,423.20
2026-03-13 22:12:24,230.00,2.000,423.20
2026-03-13 22:12:25,230.00,2.000,423.20
2026-03-13 22:12:26,230.00,2.000,423.20
2026-03-13 22:12:27,230.00,2.000,423.20
2026-03-13 22:12:28,230.00,2.000,423.20
2026-03-13 22:12:29,230.00,2.000,423.20
2026-03-13 22:12:30,230.00,2.000,423.20
2026-03-13 22:12:31,230.00,2.000,423.20
2026-03-13 22:12:32,230.00,2.000,423.20
2026-03-13 22:12:33,230.00,2.000,423.20
2026-03-13 22:12:34,230.00,2.000,423.20
2026-03-13 22:12:35,230.00,2.000,423.20
2026-03-13 22:12:36,230.00,2.000,423.20
2026-03-13 22:12:37,230.00,2.000,423.20
2026-03-13 22:12:38,230.00,2.000,423.20
2026-03-13 22:12:39,230.00,2.000,423.20
2026-03-13 22:12:40,230.00,2.000,423.20
2026-03-13 22:12:41,230.00,2.000,423.20
2026-03-13 22:12:42,230.00,2.000,423.20
2026-03-13 22:12:43,230.00,2.000,423.20
2026-03-13 22:12:44,230.00,2.000,423.20
2026-03-13 22:12:45,230.00,2.000,423.20
2026-03-13 22:12:46,230.00,2.000,423.20
2026-03-13 22:12:47,230.00,2.000,423.20
2026-03-13 22:12:48,230.00,2.000,423.20
2026-03-13 22:12:49,230.00,2.000,423.20
2026-03-13 22:12:50,230.00,2.000,423.20
2026-03-13 22:12:51,230.00,2.000,423.20
2026-03-13 22:12:52,230.00,2.000,423.20
2026-03-13 22:12:53,230.00,2.000,423.20
2026-03-13 22:12:54,230.00,2.000,423.20
2026-03-13 22:12:55,230.00,2.000,423.20
2026-03-13 22:12:56,230.00,2.000,423.20
2026-03-13 22:12:57,230.00,2.000,423.20
2026-03-13 22:12:58,230.00,2.000,423.20
2026-03-13 22:12:59,230.00,2.000,423.20
2026-03-13 22:13:00,230.00,2.000,423.20
2026-03-13 22:13:01,230.00,2.000,423.20
2026-03-13 22:13:02,230.00,2.000,423.20
2026-03-13 22:13:03,230.00,2.000,423.20
2026-03-13 22:13:04,230.00,2.000,423.20
2026-03-13 22:13:05,230.00,2.000,423.20
2026-03-13 22:13:06,230.00,2.000,423.20
2026-03-13 22:13:07,230.00,2.000,423.20
2026-03-13 22:13:08,230.00,2.000,423.20
2026-03-13 22:13:09,230.00,2.000,423.20
2026-03-13 22:13:10,230.00,2.000,423.20
2026-03-13 22:13:11,230.00,2.000,423.20
2026-03-13 22:13:12,230.00,2.000,423.20
2026-03-13 22:13:13,230.00,2.000,423.20
2026-03-13 22:13:14,230.00,2.000,423.20
2026-03-13 22:13:15,230.00,2.000,423.20
2026-03-13 22:13:16,230.00,2.000,423.20
2026-03-13 22:13:17,230.00,2.000,423.20
2026-03-13 22:13:18,230.00,2.000,423.20
2026-03-13 22:13:19,230.00,2.000,423.20
2026-03-13 22:13:20,230.00,2.000,423.20
2026-03-13 22:13:21,230.00,2.000,423.20
2026-03-13 22:13:22,230.00,2.000,423.20
2026-03-13 22:13:23,230.00,2.000,423.20
2026-03-13 22:13:24,230.00,2.000,423.20
2026-03-13 22:13:25,230.00,2.000,423.20
2026-03-13 22:13:26,230.00,2.000,423.20
2026-03-13 22:13:27,230.00,2.000,423.20
2026-03-13 22:13:28,230.00,2.000,423.20
2026-03-13 22:13:29,230.00,2.000,423.20
2026-03-13 22:13:30,230.00,2.000,423.20
2026-03-13 22:13:31,230.00,2.000,423.20
2026-03-13 22:13:32,230.00,2.000,423.20
2026-03-13 22:13:33,230.00,2.000,423.20
2026-03-13 22:13:34,230.00,2.000,423.20
2026-03-13 22:13:35,230.00,2.000,423.20
2026-03-13 22:13:36,230.00,2.000,423.20
2026-03-13 22:13:37,230.00,2.000,423.20
2026-03-13 22:13:38,230.00,2.000,423.20
2026-03-13 22:13:39,230.00,2.000,423.20
2026-03-13 22:13:40,230.00,2.000,423.20
2026-03-13 22:13:41,230.00,2.000,423.20
2026-03-13 22:13:42,230.00,2.000,423.20
2026-03-13 22:13:43,230.00,2.000,423.20
2026-03-13 22:13:44,230.00,2.000,423.20
2026-03-13 22:13:45,230.00,2.000,423.20
2026-03-13 22:13:46,230.00,2.000,423.20
2026-03-13 22:13:47,230.00,2.000,423.20
2026-03-13 22:13:48,230.00,2.000,423.20
2026-03-13 22:13:49,230.00,2.000,423.20
2026-03-13 22:13:50,230.00,2.000,423.20
2026-03-13 22:13:51,230.00,2.000,423.20
2026-03-13 22:13:52,230.00,2.000,423.20
2026-03-13 22:13:53,230.00,2.000,423.20
2026-03-13 22:13:54,230.00,2.000,423.20
2026-03-13 22:13:55,230.00,2.000,423.20
2026-03-13 22:13:56,230.00,2.000,423.20
2026-03-13 22:13:57,230.00,2.000,423.20
2026-03-13 22:13:58,230.00,2.000,423.20
2026-03-13 22:13:59,230.00,2.000,423.20
2026-03-13 22:14:00,230.00,2.000,423.20
2026-03-13 22:14:01,230.00,2.000,423.20
2026-03-13 22:14:02,230.00,2.000,423.20
2026-03-13 22:14:03,230.00,2.000,423.20
2026-03-13 22:14:04,230.00,2.000,423.20
2026-03-13 22:14:05,230.00,2.000,423.20
2026-03-13 22:14:06,230.00,2.000,423.20
2026-03-13 22:14:07,230.00,2.000,423.20
2026-03-13 22:14:08,230.00,2.000,423.20
2026-03-13 22:14:09,230.00,2.000,423.20
2026-03-13 22:14:10,230.00,2.000,423.20
2026-03-13 22:14:11,230.00,2.000,423.20
2026-03-13 22:14:12,230.00,2.000,423.20
2026-03-13 22:14:13,230.00,2.000,423.20
2026-03-13 22:14:14,230.00,2.000,423.20
2026-03-13 22:14:15,230.00,2.000,423.20
2026-03-13 22:14:16,230.00,2.000,423.20
2026-03-13 22:14:17,230.00,2.000,423.20
2026-03-13 22:14:18,230.00,2.000,423.20
2026-03-13 22:14:19,230.00,2.000,423.20
2026-03-13 22:14:20,230.00,2.000,423.20
2026-03-13 22:14:21,230.00,2.000,423.20
2026-03-13 22:14:22,230.00,2.000,423.20
2026-03-13 22:14:23,230.00,2.000,423.20
2026-03-13 22:14:24,230.00,2.000,423.20
2026-03-13 22:14:25,230.00,2.000,423.20
2026-03-13 22:14:26,230.00,2.000,423.20
2026-03-13 22:14:27,230.00,2.000,423.20
2026-03-13 22:14:28,230.00,2.000,423.20
2026-03-13 22:14:29,230.00,2.000,423.20
2026-03-13 22:14:30,230.00,2.000,423.20
2026-03-13 22:14:31,230.00,2.000,423.20
2026-03-13 22:14:32,230.00,2.000,423.20
2026-03-13 22:14:33,230.00,2.000,423.20
2026-03-13 22:14:34,230.00,2.000,423.20
2026-03-13 22:14:35,230.00,2.000,423.20
2026-03-13 22:14:36,230.00,2.000,423.20
2026-03-13 22:14:37,230.00,2.000,423.20
2026-03-13 22:14:38,230.00,2.000,423.20
2026-03-13 22:14:39,230.00,2.000,423.20
2026-03-13 22:14:40,230.00,2.000,423.20
2026-03-13 22:14:41,230.00,2.000,423.20
2026-03-13 22:14:42,230.00,2.000,423.20
2026-03-13 22:14:43,230.00,2.000,423.20
2026-03-13 22:14:44,230.00,2.000,423.20
2026-03-13 22:14:45,230.00,2.000,423.20
2026-03-13 22:14:46,230.00,2.000,423.20
2026-03-13 22:14:47,230.00,2.000,423.20
2026-03-13 22:14:48,230.00,2.000,423.20
2026-03-13 22:14:49,230.00,2.000,423.20
2026-03-13 22:14:50,230.00,2.000,423.20
2026-03-13 22:14:51,230.00,2.000,423.20
2026-03-13 22:14:52,230.00,2.000,423.20
2026-03-13 22:14:53,230.00,2.000,423.20
2026-03-13 22:14:54,230.00,2.000,423.20
2026-03-13 22:14:55,230.00,2.000,423.20
2026-03-13 22:14:56,230.00,2.000,423.20
2026-03-13 22:14:57,230.00,2.000,423.20
2026-03-13 22:14:58,230.00,2.000,423.20
2026-03-13 22:14:59,230.00,2.000,423.20
2026-03-13 22:15:00,230.00,2.000,423.20
2026-03-13 22:15:01,230.00,2.000,423.20
2026-03-13 22:15:02,230.00,2.000,423.20
2026-03-13 22:15:03,230.00,2.000,423.20
2026-03-13 22:15:04,230.00,2.000,423.20
2026-03-13 22:15:05,230.00,2.000,423.20
2026-03-13 22:15:06,230.00,2.000,423.20
2026-03-13 22:15:07,230.00,2.000,423.20
2026-03-13 22:15:08,230.00,2.000,423.20
2026-03-13 22:15:09,230.00,2.000,423.20
2026-03-13 22:15:10,230.00,2.000,423.20
2026-03-13 22:15:11,230.00,2.000,423.20
2026-03-13 22:15:12,230.00,2.000,423.20
2026-03-13 22:15:13,230.00,2.000,423.20
2026-03-13 22:15:14,230.00,2.000,423.20
2026-03-13 22:15:15,230.00,2.000,423.20
2026-03-13 22:15:16,230.00,2.000,423.20
2026-03-13 22:15:17,230.00,2.000,423.20
2026-03-13 22:15:18,230.00,2.000,423.20
2026-03-13 22:15:19,230.00,2.000,423.20
2026-03-13 22:15:20,230.00,2.000,423.20
2026-03-13 22:15:21,230.00,2.000,423.20
2026-03-13 22:15:22,230.00,2.000,423.20
2026-03-13 22:15:23,230.00,2.000,423.20
2026-03-13 22:15:24,230.00,2.000,423.20
2026-03-13 22:15:25,230.00,2.000,423.20
2026-03-13 22:15:26,230.00,2.000,423.20
2026-03-13 22:15:27,230.00,2.000,423.20
2026-03-13 22:15:28,230.00,2.000,423.20
2026-03-13 22:15:29,230.00,2.000,423.20
2026-03-13 22:15:30,230.00,2.000,423.20
2026-03-13 22:15:31,230.00,2.000,423.20
2026-03-13 22:15:32,230.00,2.000,423.20
2026-03-13 22:15:33,230.00,2.000,423.20
2026-03-13 22:15:48,230.00,2.000,423.20
2026-03-13 22:15:49,230.00,2.000,423.20
2026-03-13 22:15:50,230.00,2.000,423.20
2026-03-13 22:15:51,230.00,2.000,423.20
2026-03-13 22:15:52,230.00,2.000,423.20
2026-03-13 22:15:53,230.00,2.000,423.20
2026-03-13 22:15:54,230.00,2.000,423.20
2026-03-13 22:15:55,230.00,2.000,423.20
2026-03-13 22:15:56,230.00,2.000,423.20
2026-03-13 22:15:57,230.00,2.000,423.20
2026-03-13 22:15:58,230.00,2.000,423.20
2026-03-13 22:15:59,230.00,2.000,423.20
2026-03-13 22:16:00,230.00,2.000,423.20
2026-03-13 22:16:03,230.00,2.000,423.20
2026-03-13 22:16:03,230.00,2.000,423.20
2026-03-13 22:16:03,230.00,2.000,423.20
2026-03-13 22:16:04,230.00,2.000,423.20
2026-03-13 22:16:05,230.00,2.000,423.20
2026-03-13 22:16:06,230.00,2.000,423.20
2026-03-13 22:16:07,230.00,2.000,423.20
2026-03-13 22:16:08,230.00,2.000,423.20
2026-03-13 22:16:09,230.00,2.000,423.20
2026-03-13 22:16:10,230.00,2.000,423.20
2026-03-13 22:16:11,230.00,2.000,423.20
2026-03-13 22:16:12,230.00,2.000,423.20
2026-03-13 22:16:13,230.00,2.000,423.20
2026-03-13 22:16:14,230.00,2.000,423.20
2026-03-13 22:16:15,230.00,2.000,423.20
2026-03-13 22:16:16,230.00,2.000,423.20
2026-03-13 22:16:17,230.00,2.000,423.20
2026-03-13 22:16:18,230.00,2.000,423.20
2026-03-13 22:16:19,230.00,2.000,423.20
2026-03-13 22:16:20,230.00,2.000,423.20
2026-03-13 22:16:21,230.00,2.000,423.20
2026-03-13 22:16:22,230.00,2.000,423.20
2026-03-13 22:16:23,230.00,2.000,423.20
2026-03-13 22:16:24,230.00,2.000,423.20
2026-03-13 22:16:25,230.00,2.000,423.20
2026-03-13 22:16:31,230.00,2.000,423.20
2026-03-13 22:16:31,230.00,2.000,423.20
2026-03-13 22:16:32,230.00,2.000,423.20
2026-03-13 22:16:32,230.00,2.000,423.20
2026-03-13 22:16:33,230.00,2.000,423.20
2026-03-13 22:16:33,230.00,2.000,423.20
2026-03-13 22:16:34,230.00,2.000,423.20
2026-03-13 22:16:34,230.00,2.000,423.20
2026-03-13 22:16:34,230.00,2.000,423.20
2026-03-13 22:16:35,230.00,2.000,423.20
2026-03-13 22:16:36,230.00,2.000,423.20
2026-03-13 22:16:37,230.00,2.000,423.20
2026-03-13 22:16:38,230.00,2.000,423.20
2026-03-13 22:16:39,230.00,2.000,423.20
2026-03-13 22:16:40,230.00,2.000,423.20
2026-03-13 22:16:41,230.00,2.000,423.20
2026-03-13 22:16:42,230.00,2.000,423.20
2026-03-13 22:16:43,230.00,2.000,423.20
2026-03-13 22:19:42,230.00,2.000,423.20
2026-03-13 22:19:43,230.00,2.000,423.20
2026-03-13 22:19:44,230.00,2.000,423.20
2026-03-13 22:19:45,230.00,2.000,423.20
2026-03-13 22:19:46,230.00,2.000,423.20
2026-03-13 22:19:47,230.00,2.000,423.20
2026-03-13 22:19:48,230.00,2.000,423.20
2026-03-13 22:19:49,230.00,2.000,423.20
2026-03-13 22:19:50,230.00,2.000,423.20
2026-03-13 22:19:51,230.00,2.000,423.20
2026-03-13 22:19:52,230.00,2.000,423.20
2026-03-13 22:19:53,230.00,2.000,423.20
2026-03-13 22:19:54,230.00,2.000,423.20
2026-03-13 22:19:55,230.00,2.000,423.20
2026-03-13 22:19:56,230.00,2.000,423.20
2026-03-13 22:19:57,230.00,2.000,423.20
2026-03-13 22:19:58,230.00,2.000,423.20
2026-03-13 22:19:59,230.00,2.000,423.20
2026-03-13 22:20:00,230.00,2.000,423.20
2026-03-13 22:20:01,230.00,2.000,423.20
2026-03-13 22:20:02,230.00,2.000,423.20
2026-03-13 22:20:03,230.00,2.000,423.20
2026-03-13 22:20:04,230.00,2.000,423.20
2026-03-13 22:20:05,230.00,2.000,423.20
2026-03-13 22:20:06,230.00,2.000,423.20
2026-03-13 22:20:07,230.00,2.000,423.20
2026-03-13 22:20:08,230.00,2.000,423.20
2026-03-13 22:20:09,230.00,2.000,423.20
2026-03-13 22:20:10,230.00,2.000,423.20
2026-03-13 22:20:11,230.00,2.000,423.20
2026-03-13 22:20:12,230.00,2.000,423.20
2026-03-13 22:20:13,230.00,2.000,423.20
2026-03-13 22:20:14,230.00,2.000,423.20
2026-03-13 22:20:15,230.00,2.000,423.20
2026-03-13 22:20:16,230.00,2.000,423.20
2026-03-13 22:20:17,230.00,2.000,423.20
2026-03-13 22:20:18,230.00,2.000,423.20
2026-03-13 22:20:19,230.00,2.000,423.20
2026-03-13 22:20:20,230.00,2.000,423.20
2026-03-13 22:20:21,230.00,2.000,423.20
2026-03-13 22:20:22,230.00,2.000,423.20
2026-03-13 22:20:23,230.00,2.000,423.20
2026-03-13 22:20:24,230.00,2.000,423.20
2026-03-13 22:20:25,230.00,2.000,423.20
2026-03-13 22:20:26,230.00,2.000,423.20
2026-03-13 22:20:27,230.00,2.000,423.20
2026-03-13 22:20:28,230.00,2.000,423.20
2026-03-13 22:20:29,230.00,2.000,423.20
2026-03-13 22:20:30,230.00,2.000,423.20
2026-03-13 22:20:31,230.00,2.000,423.20
2026-03-13 22:20:32,230.00,2.000,423.20
2026-03-13 22:20:33,230.00,2.000,423.20
2026-03-13 22:20:34,230.00,2.000,423.20
2026-03-13 22:20:35,230.00,2.000,423.20
2026-03-13 22:20:36,230.00,2.000,423.20
2026-03-13 22:20:37,230.00,2.000,423.20
2026-03-13 22:20:38,230.00,2.000,423.20
2026-03-13 22:20:39,230.00,2.000,423.20
2026-03-13 22:20:40,230.00,2.000,423.20
2026-03-13 22:20:41,230.00,2.000,423.20
2026-03-13 22:20:42,230.00,2.000,423.20
2026-03-13 22:20:43,230.00,2.000,423.20
2026-03-13 22:20:44,230.00,2.000,423.20
2026-03-13 22:20:45,230.00,2.000,423.20
2026-03-13 22:20:46,230.00,2.000,423.20
2026-03-13 22:20:47,230.00,2.000,423.20
2026-03-13 22:20:48,230.00,2.000,423.20
2026-03-13 22:20:49,230.00,2.000,423.20
2026-03-13 22:20:50,230.00,2.000,423.20
2026-03-13 22:20:51,230.00,2.000,423.20
2026-03-13 22:20:52,230.00,2.000,423.20
2026-03-13 22:20:53,230.00,2.000,423.20
2026-03-13 22:20:54,230.00,2.000,423.20
2026-03-13 22:20:55,230.00,2.000,423.20
2026-03-13 22:20:56,230.00,2.000,423.20
2026-03-13 22:20:57,230.00,2.000,423.20
2026-03-13 22:20:58,230.00,2.000,423.20
2026-03-13 22:20:59,230.00,2.000,423.20
2026-03-13 22:21:00,230.00,2.000,423.20
2026-03-13 22:21:01,230.00,2.000,423.20
2026-03-13 22:21:02,230.00,2.000,423.20
2026-03-13 22:21:03,230.00,2.000,423.20
2026-03-13 22:21:04,230.00,2.000,423.20
2026-03-13 22:21:05,230.00,2.000,423.20
2026-03-13 22:21:06,230.00,2.000,423.20
2026-03-13 22:21:07,230.00,2.000,423.20
2026-03-13 22:21:08,230.00,2.000,423.20
2026-03-13 22:21:09,230.00,2.000,423.20
2026-03-13 22:21:10,230.00,2.000,423.20
2026-03-13 22:21:11,230.00,2.000,423.20
2026-03-13 22:21:12,230.00,2.000,423.20
2026-03-13 22:21:13,230.00,2.000,423.20
2026-03-13 22:21:14,230.00,2.000,423.20
2026-03-13 22:21:15,230.00,2.000,423.20
2026-03-13 22:21:16,230.00,2.000,423.20
2026-03-13 22:21:17,230.00,2.000,423.20
2026-03-13 22:21:18,230.00,2.000,423.20
2026-03-13 22:21:19,230.00,2.000,423.20
2026-03-13 22:21:20,230.00,2.000,423.20
2026-03-13 22:21:21,230.00,2.000,423.20
2026-03-13 22:21:22,230.00,2.000,423.20
2026-03-13 22:21:23,230.00,2.000,423.20
2026-03-13 22:21:24,230.00,2.000,423.20
2026-03-13 22:21:25,230.00,2.000,423.20
2026-03-13 22:21:26,230.00,2.000,423.20
2026-03-13 22:21:27,230.00,2.000,423.20
2026-03-13 22:21:28,230.00,2.000,423.20
2026-03-13 22:21:29,230.00,2.000,423.20
2026-03-13 22:21:30,230.00,2.000,423.20
2026-03-13 22:21:31,230.00,2.000,423.20
2026-03-13 22:21:32,230.00,2.000,423.20
2026-03-13 22:21:33,230.00,2.000,423.20
2026-03-13 22:21:34,230.00,2.000,423.20
2026-03-13 22:21:35,230.00,2.000,423.20
2026-03-13 22:21:36,230.00,2.000,423.20
2026-03-13 22:21:37,230.00,2.000,423.20
2026-03-13 22:21:38,230.00,2.000,423.20
2026-03-13 22:21:39,230.00,2.000,423.20
2026-03-13 22:21:40,230.00,2.000,423.20
2026-03-13 22:21:41,230.00,2.000,423.20
2026-03-13 22:21:42,230.00,2.000,423.20
2026-03-13 22:21:43,230.00,2.000,423.20
2026-03-13 22:21:44,230.00,2.000,423.20
2026-03-13 22:21:45,230.00,2.000,423.20
2026-03-13 22:21:46,230.00,2.000,423.20
2026-03-13 22:21:47,230.00,2.000,423.20
2026-03-13 22:21:48,230.00,2.000,423.20
2026-03-13 22:21:49,230.00,2.000,423.20
2026-03-13 22:21:50,230.00,2.000,423.20
2026-03-13 22:21:51,230.00,2.000,423.20
2026-03-13 22:21:52,230.00,2.000,423.20
2026-03-13 22:21:53,230.00,2.000,423.20
2026-03-13 22:21:54,230.00,2.000,423.20
2026-03-13 22:21:55,230.00,2.000,423.20
2026-03-13 22:21:56,230.00,2.000,423.20
2026-03-13 22:21:57,230.00,2.000,423.20
2026-03-13 22:21:58,230.00,2.000,423.20
2026-03-13 22:21:59,230.00,2.000,423.20
2026-03-13 22:22:00,230.00,2.000,423.20
2026-03-13 22:22:01,230.00,2.000,423.20
2026-03-13 22:22:02,230.00,2.000,423.20
2026-03-13 22:22:03,230.00,2.000,423.20
2026-03-13 22:22:04,230.00,2.000,423.20
2026-03-13 22:22:05,230.00,2.000,423.20
2026-03-13 22:22:06,230.00,2.000,423.20
2026-03-13 22:22:07,230.00,2.000,423.20
2026-03-13 22:22:08,230.00,2.000,423.20
2026-03-13 22:22:09,230.00,2.000,423.20
2026-03-13 22:22:10,230.00,2.000,423.20
2026-03-13 22:22:11,230.00,2.000,423.20
2026-03-13 22:22:12,230.00,2.000,423.20
2026-03-13 22:22:13,230.00,2.000,423.20
2026-03-13 22:22:14,230.00,2.000,423.20
2026-03-13 22:22:15,230.00,2.000,423.20
2026-03-13 22:22:16,230.00,2.000,423.20
2026-03-13 22:22:17,230.00,2.000,423.20
2026-03-13 22:22:18,230.00,2.000,423.20
2026-03-13 22:22:19,230.00,2.000,423.20
2026-03-13 22:22:20,230.00,2.000,423.20
2026-03-13 22:22:21,230.00,2.000,423.20
2026-03-13 22:22:22,230.00,2.000,423.20
2026-03-13 22:22:23,230.00,2.000,423.20
2026-03-13 22:22:24,230.00,2.000,423.20
2026-03-13 22:22:25,230.00,2.000,423.20
2026-03-13 22:22:26,230.00,2.000,423.20
2026-03-13 22:22:27,230.00,2.000,423.20
2026-03-13 22:22:28,230.00,2.000,423.20
2026-03-13 22:22:29,230.00,2.000,423.20
2026-03-13 22:22:30,230.00,2.000,423.20
2026-03-13 22:22:31,230.00,2.000,423.20
2026-03-13 22:22:32,230.00,2.000,423.20
2026-03-13 22:22:33,230.00,2.000,423.20
2026-03-13 22:22:34,230.00,2.000,423.20
2026-03-13 22:22:35,230.00,2.000,423.20
2026-03-13 22:22:36,230.00,2.000,423.20
2026-03-13 22:22:37,230.00,2.000,423.20
2026-03-13 22:22:38,230.00,2.000,423.20
2026-03-13 22:22:39,230.00,2.000,423.20
2026-03-13 22:22:40,230.00,2.000,423.20
2026-03-13 22:22:41,230.00,2.000,423.20
2026-03-13 22:22:42,230.00,2.000,423.20
2026-03-13 22:22:43,230.00,2.000,423.20
2026-03-13 22:22:44,230.00,2.000,423.20
2026-03-13 22:22:45,230.00,2.000,423.20
2026-03-13 22:22:46,230.00,2.000,423.20
2026-03-13 22:22:47,230.00,2.000,423.20
2026-03-13 22:22:48,230.00,2.000,423.20
2026-03-13 22:22:49,230.00,2.000,423.20
2026-03-13 22:22:50,230.00,2.000,423.20
2026-03-13 22:22:51,230.00,2.000,423.20
2026-03-13 22:22:52,230.00,2.000,423.20
2026-03-13 22:22:53,230.00,2.000,423.20
2026-03-13 22:22:54,230.00,2.000,423.20
2026-03-13 22:22:55,230.00,2.000,423.20
2026-03-13 22:22:56,230.00,2.000,423.20
2026-03-13 22:22:57,230.00,2.000,423.20
2026-03-13 22:22:58,230.00,2.000,423.20
2026-03-13 22:22:59,230.00,2.000,423.20
2026-03-13 22:23:00,230.00,2.000,423.20
2026-03-13 22:23:01,230.00,2.000,423.20
2026-03-13 22:23:02,230.00,2.000,423.20
2026-03-13 22:23:03,230.00,2.000,423.20
2026-03-13 22:23:04,230.00,2.000,423.20
2026-03-13 22:23:05,230.00,2.000,423.20
2026-03-13 22:23:06,230.00,2.000,423.20
2026-03-13 22:23:07,230.00,2.000,423.20
2026-03-13 22:23:08,230.00,2.000,423.20
2026-03-13 22:23:09,230.00,2.000,423.20
2026-03-13 22:23:10,230.00,2.000,423.20
2026-03-13 22:23:11,230.00,2.000,423.20
2026-03-13 22:23:12,230.00,2.000,423.20
2026-03-13 22:23:13,230.00,2.000,423.20
2026-03-13 22:23:14,230.00,2.000,423.20
2026-03-13 22:23:15,230.00,2.000,423.20
2026-03-13 22:23:16,230.00,2.000,423.20
2026-03-13 22:23:17,230.00,2.000,423.20
2026-03-13 22:23:18,230.00,2.000,423.20
2026-03-13 22:23:19,230.00,2.000,423.20
2026-03-13 22:23:20,230.00,2.000,423.20
2026-03-13 22:23:21,230.00,2.000,423.20
2026-03-13 22:23:22,230.00,2.000,423.20
2026-03-13 22:23:23,230.00,2.000,423.20
2026-03-13 22:23:24,230.00,2.000,423.20
2026-03-13 22:23:25,230.00,2.000,423.20
2026-03-13 22:23:26,230.00,2.000,423.20
2026-03-13 22:23:27,230.00,2.000,423.20
2026-03-13 22:23:28,230.00,2.000,423.20
2026-03-13 22:23:29,230.00,2.000,423.20
2026-03-13 22:23:30,230.00,2.000,423.20
2026-03-13 22:23:31,230.00,2.000,423.20
2026-03-13 22:23:32,230.00,2.000,423.20
2026-03-13 22:23:33,230.00,2.000,423.20
2026-03-13 22:23:34,230.00,2.000,423.20
2026-03-13 22:23:35,230.00,2.000,423.20
2026-03-13 22:23:36,230.00,2.000,423.20
2026-03-13 22:23:37,230.00,2.000,423.20
2026-03-13 22:23:38,230.00,2.000,423.20
2026-03-13 22:23:39,230.00,2.000,423.20
2026-03-13 22:23:40,230.00,2.000,423.20
2026-03-13 22:23:41,230.00,2.000,423.20
2026-03-13 22:23:42,230.00,2.000,423.20
2026-03-13 22:23:43,230.00,2.000,423.20
2026-03-13 22:23:44,230.00,2.000,423.20
2026-03-13 22:23:45,230.00,2.000,423.20
2026-03-13 22:23:46,230.00,2.000,423.20
2026-03-13 22:23:47,230.00,2.000,423.20
2026-03-13 22:23:48,230.00,2.000,423.20
2026-03-13 22:23:49,230.00,2.000,423.20
2026-03-13 22:23:50,230.00,2.000,423.20
2026-03-13 22:23:51,230.00,2.000,423.20
2026-03-13 22:23:52,230.00,2.000,423.20
2026-03-13 22:23:53,230.00,2.000,423.20
2026-03-13 22:23:54,230.00,2.000,423.20
2026-03-13 22:23:55,230.00,2.000,423.20
2026-03-13 22:23:56,230.00,2.000,423.20
2026-03-13 22:23:57,230.00,2.000,423.20
2026-03-13 22:23:58,230.00,2.000,423.20
2026-03-13 22:23:59,230.00,2.000,423.20
2026-03-13 22:24:00,230.00,2.000,423.20
2026-03-13 22:24:01,230.00,2.000,423.20
2026-03-13 22:24:02,230.00,2.000,423.20
2026-03-13 22:24:03,230.00,2.000,423.20
2026-03-13 22:24:04,230.00,2.000,423.20
2026-03-13 22:24:05,230.00,2.000,423.20
2026-03-13 22:24:06,230.00,2.000,423.20
2026-03-13 22:24:07,230.00,2.000,423.20
2026-03-13 22:24:08,230.00,2.000,423.20
2026-03-13 22:24:09,230.00,2.000,423.20
2026-03-13 22:24:10,230.00,2.000,423.20
2026-03-13 22:24:11,230.00,2.000,423.20
2026-03-13 22:24:12,230.00,2.000,423.20
2026-03-13 22:24:13,230.00,2.000,423.20
2026-03-13 22:24:14,230.00,2.000,423.20
2026-03-13 22:24:15,230.00,2.000,423.20
2026-03-13 22:24:16,230.00,2.000,423.20
2026-03-13 22:24:17,230.00,2.000,423.20
2026-03-13 22:24:18,230.00,2.000,423.20
2026-03-13 22:24:19,230.00,2.000,423.20
2026-03-13 22:24:20,230.00,2.000,423.20
2026-03-13 22:24:21,230.00,2.000,423.20
2026-03-13 22:24:22,230.00,2.000,423.20
2026-03-13 22:24:23,230.00,2.000,423.20
2026-03-13 22:24:24,230.00,2.000,423.20
2026-03-13 22:24:25,230.00,2.000,423.20
2026-03-13 22:24:26,230.00,2.000,423.20
2026-03-13 22:24:27,230.00,2.000,423.20
2026-03-13 22:24:28,230.00,2.000,423.20
2026-03-13 22:24:29,230.00,2.000,423.20
2026-03-13 22:24:30,230.00,2.000,423.20
2026-03-13 22:24:31,230.00,2.000,423.20
2026-03-13 22:24:32,230.00,2.000,423.20
2026-03-13 22:24:33,230.00,2.000,423.20
2026-03-13 22:24:34,230.00,2.000,423.20
2026-03-13 22:24:35,230.00,2.000,423.20
2026-03-13 22:24:36,230.00,2.000,423.20
2026-03-13 22:24:37,230.00,2.000,423.20
2026-03-13 22:24:38,230.00,2.000,423.20
2026-03-13 22:24:39,230.00,2.000,423.20
2026-03-13 22:24:40,230.00,2.000,423.20
2026-03-13 22:24:41,230.00,2.000,423.20
2026-03-13 22:24:42,230.00,2.000,423.20
2026-03-13 22:24:43,230.00,2.000,423.20
2026-03-13 22:24:44,230.00,2.000,423.20
2026-03-13 22:24:45,230.00,2.000,423.20
2026-03-13 22:24:46,230.00,2.000,423.20
2026-03-13 22:24:47,230.00,2.000,423.20
2026-03-13 22:24:48,230.00,2.000,423.20
2026-03-13 22:24:49,230.00,2.000,423.20
2026-03-13 22:24:50,230.00,2.000,423.20
2026-03-13 22:24:51,230.00,2.000,423.20
2026-03-13 22:24:52,230.00,2.000,423.20
2026-03-13 22:24:53,230.00,2.000,423.20
2026-03-13 22:24:54,230.00,2.000,423.20
2026-03-13 22:24:55,230.00,2.000,423.20
2026-03-13 22:24:56,230.00,2.000,423.20
2026-03-13 22:24:57,230.00,2.000,423.20
2026-03-13 22:24:58,230.00,2.000,423.20
2026-03-13 22:24:59,230.00,2.000,423.20
2026-03-13 22:25:00,230.00,2.000,423.20
2026-03-13 22:25:01,230.00,2.000,423.20
2026-03-13 22:25:02,230.00,2.000,423.20
2026-03-13 22:25:03,230.00,2.000,423.20
2026-03-13 22:25:04,230.00,2.000,423.20
2026-03-13 22:25:05,230.00,2.000,423.20
2026-03-13 22:25:06,230.00,2.000,423.20
2026-03-13 22:25:07,230.00,2.000,423.20
2026-03-13 22:25:08,230.00,2.000,423.20
2026-03-13 22:25:09,230.00,2.000,423.20
2026-03-13 22:25:10,230.00,2.000,423.20
2026-03-13 22:25:11,230.00,2.000,423.20
2026-03-13 22:25:12,230.00,2.000,423.20
2026-03-13 22:25:13,230.00,2.000,423.20
2026-03-13 22:25:14,230.00,2.000,423.20
2026-03-13 22:25:15,230.00,2.000,423.20
2026-03-13 22:25:16,230.00,2.000,423.20
2026-03-13 22:25:17,230.00,2.000,423.20
2026-03-13 22:25:18,230.00,2.000,423.20
2026-03-13 22:25:19,230.00,2.000,423.20
2026-03-13 22:25:20,230.00,2.000,423.20
2026-03-13 22:25:21,230.00,2.000,423.20
2026-03-13 22:25:22,230.00,2.000,423.20
2026-03-13 22:25:23,230.00,2.000,423.20
2026-03-13 22:25:24,230.00,2.000,423.20
2026-03-13 22:25:25,230.00,2.000,423.20
2026-03-13 22:25:26,230.00,2.000,423.20
2026-03-13 22:25:27,230.00,2.000,423.20
2026-03-13 22:25:28,230.00,2.000,423.20
2026-03-13 22:25:29,230.00,2.000,423.20
2026-03-13 22:25:30,230.00,2.000,423.20
2026-03-13 22:25:31,230.00,2.000,423.20
2026-03-13 22:25:32,230.00,2.000,423.20
2026-03-13 22:25:33,230.00,2.000,423.20
2026-03-13 22:25:34,230.00,2.000,423.20
2026-03-13 22:25:35,230.00,2.000,423.20
2026-03-13 22:25:36,230.00,2.000,423.20
2026-03-13 22:25:37,230.00,2.000,423.20
2026-03-13 22:25:38,230.00,2.000,423.20
2026-03-13 22:25:39,230.00,2.000,423.20
2026-03-13 22:25:40,230.00,2.000,423.20
2026-03-13 22:25:41,230.00,2.000,423.20
2026-03-13 22:25:42,230.00,2.000,423.20
2026-03-13 22:25:43,230.00,2.000,423.20
2026-03-13 22:25:44,230.00,2.000,423.20
2026-03-13 22:25:45,230.00,2.000,423.20
2026-03-13 22:25:46,230.00,2.000,423.20
2026-03-13 22:25:47,230.00,2.000,423.20
2026-03-13 22:25:48,230.00,2.000,423.20
2026-03-13 22:25:49,230.00,2.000,423.20
2026-03-13 22:25:50,230.00,2.000,423.20
2026-03-13 22:25:51,230.00,2.000,423.20
2026-03-13 22:25:52,230.00,2.000,423.20
2026-03-13 22:25:53,230.00,2.000,423.20
2026-03-13 22:25:54,230.00,2.000,423.20
2026-03-13 22:25:55,230.00,2.000,423.20
2026-03-13 22:25:56,230.00,2.000,423.20
2026-03-13 22:25:57,230.00,2.000,423.20
2026-03-13 22:25:58,230.00,2.000,423.20
2026-03-13 22:25:59,230.00,2.000,423.20
2026-03-13 22:26:00,230.00,2.000,423.20
2026-03-13 22:26:01,230.00,2.000,423.20
2026-03-13 22:26:02,230.00,2.000,423.20
2026-03-13 22:26:03,230.00,2.000,423.20
2026-03-13 22:26:04,230.00,2.000,423.20
2026-03-13 22:26:05,230.00,2.000,423.20
2026-03-13 22:26:06,230.00,2.000,423.20
2026-03-13 22:26:07,230.00,2.000,423.20
2026-03-13 22:26:08,230.00,2.000,423.20
2026-03-13 22:26:09,230.00,2.000,423.20
2026-03-13 22:26:10,230.00,2.000,423.20
2026-03-13 22:26:11,230.00,2.000,423.20
2026-03-13 22:26:12,230.00,2.000,423.20
2026-03-13 22:26:13,230.00,2.000,423.20
2026-03-13 22:26:14,230.00,2.000,423.20
2026-03-13 22:26:15,230.00,2.000,423.20
2026-03-13 22:26:16,230.00,2.000,423.20
2026-03-13 22:26:17,230.00,2.000,423.20
2026-03-13 22:26:18,230.00,2.000,423.20
2026-03-13 22:26:19,230.00,2.000,423.20
2026-03-13 22:26:20,230.00,2.000,423.20
2026-03-13 22:26:21,230.00,2.000,423.20
2026-03-13 22:26:22,230.00,2.000,423.20
2026-03-13 22:26:23,230.00,2.000,423.20
2026-03-13 22:26:24,230.00,2.000,423.20
2026-03-13 22:26:25,230.00,2.000,423.20
2026-03-13 22:26:26,230.00,2.000,423.20
2026-03-13 22:26:27,230.00,2.000,423.20
2026-03-13 22:26:28,230.00,2.000,423.20
2026-03-13 22:26:29,230.00,2.000,423.20
2026-03-13 22:26:30,230.00,2.000,423.20
2026-03-13 22:26:31,230.00,2.000,423.20
2026-03-13 22:26:32,230.00,2.000,423.20
2026-03-13 22:26:33,230.00,2.000,423.20
2026-03-13 22:26:34,230.00,2.000,423.20
2026-03-13 22:26:35,230.00,2.000,423.20
2026-03-13 22:26:36,230.00,2.000,423.20
2026-03-13 22:26:37,230.00,2.000,423.20
2026-03-13 22:26:38,230.00,2.000,423.20
2026-03-13 22:26:39,230.00,2.000,423.20
2026-03-13 22:26:40,230.00,2.000,423.20
2026-03-13 22:26:41,230.00,2.000,423.20
2026-03-13 22:26:42,230.00,2.000,423.20
2026-03-13 22:26:43,230.00,2.000,423.20
2026-03-13 22:26:44,230.00,2.000,423.20
2026-03-13 22:26:45,230.00,2.000,423.20
2026-03-13 22:26:46,230.00,2.000,423.20
2026-03-13 22:26:47,230.00,2.000,423.20
2026-03-13 22:26:48,230.00,2.000,423.20
2026-03-13 22:26:49,230.00,2.000,423.20
2026-03-13 22:26:50,230.00,2.000,423.20
2026-03-13 22:26:51,230.00,2.000,423.20
2026-03-13 22:26:52,230.00,2.000,423.20
2026-03-13 22:26:53,230.00,2.000,423.20
2026-03-13 22:26:54,230.00,2.000,423.20
2026-03-13 22:26:55,230.00,2.000,423.20
2026-03-13 22:26:56,230.00,2.000,423.20
2026-03-13 22:26:57,230.00,2.000,423.20
2026-03-13 22:26:58,230.00,2.000,423.20
2026-03-13 22:26:59,230.00,2.000,423.20
2026-03-13 22:27:00,230.00,2.000,423.20
2026-03-13 22:27:01,230.00,2.000,423.20
2026-03-13 22:27:02,230.00,2.000,423.20
2026-03-13 22:27:03,230.00,2.000,423.20
2026-03-13 22:27:04,230.00,2.000,423.20
2026-03-13 22:27:05,230.00,2.000,423.20
2026-03-13 22:27:06,230.00,2.000,423.20
2026-03-13 22:27:07,230.00,2.000,423.20
2026-03-13 22:27:08,230.00,2.000,423.20
2026-03-13 22:27:09,230.00,2.000,423.20
2026-03-13 22:27:10,230.00,2.000,423.20
2026-03-13 22:27:11,230.00,2.000,423.20
2026-03-13 22:27:12,230.00,2.000,423.20
2026-03-13 22:27:13,230.00,2.000,423.20
2026-03-13 22:27:14,230.00,2.000,423.20
2026-03-13 22:27:15,230.00,2.000,423.20
2026-03-13 22:27:16,230.00,2.000,423.20
2026-03-13 22:27:17,230.00,2.000,423.20
2026-03-13 22:27:18,230.00,2.000,423.20
2026-03-13 22:27:19,230.00,2.000,423.20
2026-03-13 22:27:20,230.00,2.000,423.20
2026-03-13 22:27:21,230.00,2.000,423.20
2026-03-13 22:27:22,230.00,2.000,423.20
2026-03-13 22:27:23,230.00,2.000,423.20
2026-03-13 22:27:24,230.00,2.000,423.20
2026-03-13 22:27:25,230.00,2.000,423.20
2026-03-13 22:27:26,230.00,2.000,423.20
2026-03-13 22:27:27,230.00,2.000,423.20
2026-03-13 22:27:28,230.00,2.000,423.20
2026-03-13 22:27:29,230.00,2.000,423.20
2026-03-13 22:27:30,230.00,2.000,423.20
2026-03-13 22:27:31,230.00,2.000,423.20
2026-03-13 22:27:32,230.00,2.000,423.20
2026-03-13 22:27:33,230.00,2.000,423.20
2026-03-13 22:27:34,230.00,2.000,423.20
2026-03-13 22:27:35,230.00,2.000,423.20
2026-03-13 22:27:36,230.00,2.000,423.20
2026-03-13 22:27:37,230.00,2.000,423.20
2026-03-13 22:27:38,230.00,2.000,423.20
2026-03-13 22:27:39,230.00,2.000,423.20
2026-03-13 22:27:40,230.00,2.000,423.20
2026-03-13 22:27:41,230.00,2.000,423.20
2026-03-13 22:27:42,230.00,2.000,423.20
2026-03-13 22:27:43,230.00,2.000,423.20
2026-03-13 22:27:44,230.00,2.000,423.20
2026-03-13 22:27:45,230.00,2.000,423.20
2026-03-13 22:27:46,230.00,2.000,423.20
2026-03-13 22:27:47,230.00,2.000,423.20
2026-03-13 22:27:48,230.00,2.000,423.20
2026-03-13 22:27:49,230.00,2.000,423.20
2026-03-13 22:27:50,230.00,2.000,423.20
2026-03-13 22:27:51,230.00,2.000,423.20
2026-03-13 22:27:52,230.00,2.000,423.20
2026-03-13 22:27:53,230.00,2.000,423.20
2026-03-13 22:27:54,230.00,2.000,423.20
2026-03-13 22:27:55,230.00,2.000,423.20
2026-03-13 22:27:56,230.00,2.000,423.20
2026-03-13 22:27:57,230.00,2.000,423.20
2026-03-13 22:27:58,230.00,2.000,423.20
2026-03-13 22:27:59,230.00,2.000,423.20
2026-03-13 22:28:00,230.00,2.000,423.20
2026-03-13 22:28:01,230.00,2.000,423.20
2026-03-13 22:28:02,230.00,2.000,423.20
2026-03-13 22:28:03,230.00,2.000,423.20
2026-03-13 22:28:04,230.00,2.000,423.20
2026-03-13 22:28:05,230.00,2.000,423.20
2026-03-13 22:28:06,230.00,2.000,423.20
2026-03-13 22:28:07,230.00,2.000,423.20
2026-03-13 22:28:08,230.00,2.000,423.20
2026-03-13 22:28:09,230.00,2.000,423.20
2026-03-13 22:28:10,230.00,2.000,423.20
2026-03-13 22:28:11,230.00,2.000,423.20
2026-03-13 22:28:12,230.00,2.000,423.20
2026-03-13 22:28:13,230.00,2.000,423.20
2026-03-13 22:28:14,230.00,2.000,423.20
2026-03-13 22:28:15,230.00,2.000,423.20
2026-03-13 22:28:16,230.00,2.000,423.20
2026-03-13 22:28:17,230.00,2.000,423.20
2026-03-13 22:28:18,230.00,2.000,423.20
2026-03-13 22:28:19,230.00,2.000,423.20
2026-03-13 22:28:20,230.00,2.000,423.20
2026-03-13 22:28:21,230.00,2.000,423.20
2026-03-13 22:28:22,230.00,2.000,423.20
2026-03-13 22:28:23,230.00,2.000,423.20
2026-03-13 22:28:24,230.00,2.000,423.20
2026-03-13 22:28:25,230.00,2.000,423.20
2026-03-13 22:28:26,230.00,2.000,423.20
2026-03-13 22:28:27,230.00,2.000,423.20
2026-03-13 22:28:28,230.00,2.000,423.20
2026-03-13 22:28:29,230.00,2.000,423.20
2026-03-13 22:28:30,230.00,2.000,423.20
2026-03-13 22:28:31,230.00,2.000,423.20
2026-03-13 22:28:32,230.00,2.000,423.20
2026-03-13 22:28:33,230.00,2.000,423.20
